Time (s),Acceleration (m/sÂ²)
7.118815700E-2,6.165830612E0
1.111861570E-1,6.183620453E0
1.511821570E-1,6.042456627E0
1.911784900E-1,6.018695831E0
2.311752400E-1,5.974393845E0
2.711718400E-1,5.009997845E0
3.111680060E-1,2.379880905E0
3.511638630E-1,1.043566704E0
3.911597380E-1,4.981880188E-1
4.311554040E-1,1.815652847E-1
4.711511040E-1,9.554386139E-2
5.111466490E-1,2.603721619E-2
5.511422320E-1,4.173088074E-2
5.911377700E-1,-1.450252533E-2
6.311331980E-1,1.795673370E-2
6.711286640E-1,-2.526283264E-3
7.111240390E-1,1.132774353E-2
7.511194500E-1,-1.275062561E-2
7.911147830E-1,-8.354187012E-4
8.311101510E-1,1.116752625E-2
8.711054010E-1,1.837825775E-2
9.111007340E-1,-7.514953613E-4
9.510960060E-1,-2.465724945E-2
9.910912660E-1,2.324771881E-2
1.031086516E0,6.499290466E-3
1.071081756E0,2.566814423E-2
1.111077025E0,-3.075599670E-3
1.151072247E0,1.609706879E-2
1.191067497E0,-2.219200134E-2
1.231062703E0,2.571105957E-2
1.271058003E0,1.131629944E-2
1.311053236E0,2.324485779E-2
1.351048469E0,-5.497932434E-3
1.391043635E0,1.688003540E-3
1.431038701E0,1.608943939E-2
1.471033767E0,-5.455970764E-3
1.511028833E0,1.132106781E-2
1.551023966E0,-3.416538239E-2
1.591019032E0,8.935928345E-3
1.631014198E0,4.152297974E-3
1.671009298E0,8.946418762E-3
1.711004398E0,-2.458953857E-2
1.750999498E0,1.849842072E-2
1.790994564E0,-2.700519562E-2
1.830989697E0,-3.064155579E-3
1.870984763E0,-3.061294556E-3
1.910979896E0,4.109382629E-3
1.950974962E0,1.723289490E-3
1.990970028E0,-1.742553711E-2
2.032113615E0,1.131343842E-2
2.072108748E0,-2.460861206E-2
2.112103848E0,6.515502930E-3
2.152098948E0,-1.981353760E-2
2.192094081E0,-6.561279297E-4
2.232089181E0,-2.459716797E-2
2.272084314E0,1.611232758E-2
2.312079514E0,-1.738166809E-2
2.352074847E0,-2.694416046E-2
2.392070247E0,-7.800102234E-3
2.432065647E0,-4.612541199E-2
2.472060980E0,-1.263618469E-2
2.512056246E0,-1.504039764E-2
2.552051579E0,-1.982116699E-2
2.592046879E0,-2.222061157E-2
2.632042212E0,-3.108978271E-3
2.672037478E0,-3.089904785E-3
2.712032744E0,-1.024723053E-2
2.752028044E0,1.367950439E-2
2.792023344E0,-7.905960083E-3
2.832018610E0,1.847362518E-2
2.872013876E0,-1.501178741E-2
2.912009209E0,-1.022624969E-2
2.952004475E0,-3.416633606E-2
2.991999741E0,-5.389213562E-3
3.031995007E0,1.617527008E-2
3.071990273E0,-5.378723145E-3
3.111985506E0,-3.651332855E-2
3.151980806E0,-5.922317505E-4
3.191976172E0,-3.894901276E-2
3.231971438E0,1.126766205E-2
3.271966738E0,-5.572795868E-2
3.311962004E0,-4.853916168E-2
3.351957270E0,-7.855415344E-3
3.391952570E0,-1.739788055E-2
3.431947970E0,-3.416728973E-2
3.471943370E0,-1.266479492E-2
3.511938636E0,-3.180122375E-2
3.551933836E0,1.724243164E-3
3.591928902E0,-2.700328827E-2
3.631924035E0,-1.501274109E-2
3.671919101E0,6.543159485E-3
3.711914167E0,-2.454566956E-2
3.751909233E0,-1.262283325E-2
3.791904333E0,1.372146606E-2
3.831899433E0,-6.047821045E-2
3.871894533E0,6.156730652E-2
3.911889699E0,-2.696037292E-2
3.951884765E0,1.755714417E-3
3.991879798E0,-1.738929749E-2
4.031874864E0,-3.037452698E-3
4.071869930E0,-2.218723297E-2
4.111864996E0,-1.017284393E-2
4.151860062E0,-2.695751190E-2
4.191855228E0,-3.005027771E-3
4.231850328E0,-3.026008606E-3
4.271845494E0,-1.737022400E-2
4.311840627E0,-1.739692688E-2
4.351835693E0,4.954051971E-2
4.391830759E0,-3.185939789E-2
4.431825859E0,1.612186432E-2
4.471821159E0,-5.083942413E-2
4.511816559E0,1.640319824E-3
4.551812025E0,-3.193187714E-2
4.591807391E0,-5.960464478E-4
4.631802724E0,-4.364681244E-2
4.671797990E0,-5.554199219E-3
4.711793256E0,-1.990699768E-2
4.751788522E0,-2.694797516E-2
4.791783755E0,-2.691364288E-2
4.831779021E0,-3.894519806E-2
4.871774287E0,-2.465438843E-2
4.911769653E0,-1.494216919E-2
4.951764919E0,-1.250648499E-2
4.991760185E0,-1.974868774E-2
5.031755451E0,-3.417491913E-2
5.071750717E0,-7.802963257E-3
5.111745983E0,-1.732921600E-2
5.151741249E0,-2.697277069E-2
5.191736615E0,-3.180599213E-2
5.231731881E0,-2.460670471E-2
5.271727214E0,2.809238434E-2
5.311722514E0,6.877422333E-2
5.351717814E0,8.312511444E-2
5.391713080E0,-1.264095306E-2
5.431708346E0,-9.643745422E-2
5.471703612E0,-1.587181091E-1
5.511698878E0,-6.534290314E-2
5.551694278E0,1.847839355E-2
5.591689678E0,-4.615783691E-2
5.631685111E0,-1.263713837E-2
5.671680311E0,-2.461528778E-2
5.711675377E0,-1.264667511E-2
5.751670443E0,-2.218818665E-2
5.791665509E0,-2.939796448E-2
5.831660575E0,-3.898906708E-2
5.871655641E0,-2.938365936E-2
5.911650774E0,-3.655052185E-2
5.951645874E0,-1.024246216E-2
5.991641007E0,-3.896522522E-2
6.031636107E0,-1.261234283E-2
6.071631207E0,-2.935028076E-2
6.111626273E0,-2.456569672E-2
6.151621373E0,-2.937507629E-2
6.191616506E0,-7.826805115E-3
6.231611539E0,-4.374599457E-2
6.271606672E0,-3.897380829E-2
6.311601738E0,-4.136466980E-2
6.351596838E0,-1.023578644E-2
6.391591904E0,-2.939510345E-2
6.431587004E0,-2.220630646E-2
6.471582104E0,-1.982212067E-2
6.511577170E0,-3.418540955E-2
6.551572303E0,-3.178215027E-2
6.591567503E0,-4.136085510E-2
6.631562869E0,-7.840156555E-3
6.671558269E0,-4.614353180E-2
6.711553669E0,-2.700614929E-2
6.751549002E0,-1.982116699E-2
6.791544268E0,-7.860183716E-3
6.831539534E0,8.903503418E-3
6.871534800E0,9.989166260E-2
6.911530133E0,1.262140274E-1
6.951525399E0,1.597213745E-1
6.991520732E0,1.525344849E-1
7.031515998E0,2.123851776E-1
7.071511298E0,2.147636414E-1
7.111506598E0,2.291345596E-1
7.151501864E0,2.698345184E-1
7.191497164E0,2.794189453E-1
7.231492430E0,3.057584763E-1
7.271487763E0,2.961521149E-1
7.311483029E0,3.272571564E-1
7.351478295E0,3.392200470E-1
7.391473561E0,3.559894562E-1
7.431468861E0,3.559913635E-1
7.471464161E0,3.512296677E-1
7.511459461E0,4.110975266E-1
7.551454794E0,4.086999893E-1
7.591450094E0,4.661531448E-1
7.631445427E0,4.853057861E-1
7.671440727E0,4.829635620E-1
7.711436127E0,4.781970978E-1
7.751431527E0,5.739564896E-1
7.791426793E0,5.452260971E-1
7.831421959E0,5.571832657E-1
7.871417025E0,5.475883484E-1
7.911412158E0,5.547628403E-1
7.951407224E0,6.648960114E-1
7.991402357E0,7.319040298E-1
8.031397423E0,7.175121307E-1
8.071392489E0,7.629947662E-1
8.111387589E0,7.629814148E-1
8.151382689E0,7.678260803E-1
8.191377789E0,7.845840454E-1
8.231372889E0,8.156309128E-1
8.271368022E0,8.396606445E-1
8.311363088E0,8.396177292E-1
8.351358154E0,8.372640610E-1
8.391353254E0,6.743574142E-1
8.431348320E0,8.444223404E-1
8.471343353E0,7.175016403E-1
8.511338453E0,8.037738800E-1
8.551333619E0,7.366380692E-1
8.591328719E0,7.438459396E-1
8.631323852E0,6.790800095E-1
8.671318918E0,7.628660202E-1
8.711314018E0,7.222623825E-1
8.751309284E0,7.653503418E-1
8.791304650E0,7.389764786E-1
8.831300083E0,7.222537994E-1
8.871295483E0,6.624183655E-1
8.911290849E0,6.745491028E-1
8.951286149E0,6.147317886E-1
8.991281515E0,5.907020569E-1
9.031276781E0,4.637908936E-1
9.071272081E0,5.069007874E-1
9.111267381E0,4.494400024E-1
9.151262714E0,4.421787262E-1
9.191258014E0,3.391456604E-1
9.231253347E0,4.733057022E-1
9.271248747E0,4.065341949E-1
9.311244047E0,1.741962433E-1
9.351239347E0,1.955223083E-1
9.391234647E0,-1.084671021E-1
9.431229947E0,8.868217468E-3
9.471225247E0,2.560997009E-2
9.511220547E0,-1.490945816E-1
9.551215913E0,-2.932739258E-2
9.591211246E0,-4.379844666E-2
9.631206646E0,-6.866455078E-4
9.671202012E0,-6.307220459E-2
9.711197312E0,-3.447628021E-2
9.751192612E0,-2.735328674E-2
9.791187912E0,6.855678558E-2
9.831183378E0,1.667022705E-3
9.871178944E0,5.916595459E-2
9.911174610E0,-1.754093170E-2
9.951170043E0,6.396579742E-2
9.991165443E0,-1.974201202E-2
1.003116071E1,3.767776489E-2
1.007115598E1,2.802562714E-2
1.011115124E1,-8.438968658E-2
1.015114651E1,-6.279945374E-2
1.019114177E1,1.726150513E-3
1.023113707E1,3.520298004E-2
1.027113241E1,-6.062793732E-2
1.031112771E1,3.975868225E-3
1.035112294E1,1.355838776E-2
1.039111824E1,-1.084232330E-1
1.043111350E1,-1.299505234E-1
1.047110877E1,4.479694366E-2
1.051110404E1,2.076721191E-2
1.055109937E1,-4.870223999E-2
1.059109464E1,-2.717781067E-2
1.063108997E1,1.831626892E-2
1.067108524E1,-3.663635254E-2
1.071108054E1,-5.089569092E-2
1.075107584E1,5.916309357E-2
1.079107110E1,-3.911876678E-2
1.083106637E1,-9.900569916E-2
1.087106163E1,-1.040172577E-2
1.091105697E1,-1.513862610E-2
1.095105237E1,-2.235126495E-2
1.099104783E1,-1.496791840E-2
1.103104310E1,-1.984786987E-2
1.107103823E1,-3.428554535E-2
1.111103330E1,-1.179580688E-1
1.115102836E1,-1.271057129E-2
1.119102343E1,4.236793518E-2
1.123101850E1,1.834392548E-2
1.127101363E1,-1.984405518E-2
1.131100873E1,2.826309204E-2
1.135100383E1,-5.563259125E-2
1.139099893E1,-5.347347260E-2
1.143099403E1,-4.644870758E-2
1.147098913E1,1.451940536E-1
1.151098419E1,-3.238677979E-3
1.155097936E1,-7.660865784E-3
1.159097439E1,-9.388351440E-2
1.163096953E1,7.825851440E-2
1.167096459E1,-1.745223999E-2
1.171095969E1,-4.855060577E-2
1.175095479E1,3.283691406E-2
1.179094986E1,-1.502037048E-2
1.183094496E1,-1.155986786E-1
1.187094006E1,-6.300926208E-2
1.191093519E1,8.791828156E-2
1.195093029E1,1.238775253E-1
1.199092562E1,-1.179151535E-1
1.203092102E1,1.748085022E-3
1.207091642E1,4.253292084E-2
1.211091182E1,7.367324829E-2
1.215090709E1,-1.536865234E-1
1.219090236E1,1.071166992E-1
1.223089762E1,1.189908981E-1
1.227089296E1,-6.778526306E-2
1.231088822E1,-7.736396790E-2
1.235088355E1,6.869888306E-2
1.239087882E1,-4.373359680E-2
1.243087412E1,-5.566310883E-2
1.247086942E1,-5.569171906E-2
1.251086469E1,4.722881317E-2
1.255086002E1,-4.854965210E-2
1.259085525E1,-9.167957306E-2
1.263085059E1,4.231357574E-2
1.267084582E1,1.136684418E-2
1.271084108E1,-1.224708557E-1
1.275083635E1,-1.721572876E-2
1.279083165E1,6.525039673E-3
1.283082692E1,-1.030540466E-2
1.287082222E1,-8.211708069E-2
1.291081755E1,1.370048523E-2
1.295081282E1,3.769969940E-2
1.299080818E1,-6.998920441E-2
1.303080345E1,-1.059579849E-1
1.307079885E1,1.126003265E-2
1.311079425E1,2.559375763E-2
1.315078961E1,-1.010980606E-1
1.319078481E1,-3.163433075E-2
1.323077988E1,-5.350112915E-4
1.327077501E1,2.114772797E-2
1.331077008E1,-7.471179962E-2
1.335076521E1,-1.496982574E-2
1.339076028E1,-5.811119080E-2
1.343075534E1,-4.135704041E-2
1.347075044E1,5.920600891E-2
1.351074554E1,1.119070053E-1
1.355074064E1,4.492950439E-2
1.359073574E1,-1.250362396E-2
1.363073088E1,-5.085372925E-2
1.367072594E1,1.608371735E-2
1.371072101E1,1.661300659E-3
1.375071607E1,-2.695751190E-2
1.379071117E1,9.515380859E-2
1.383070624E1,-3.893661499E-2
1.387070137E1,-1.298971176E-1
1.391069654E1,-3.665161133E-2
1.395069164E1,1.382360458E-1
1.399068681E1,-1.253986359E-2
1.403068187E1,-1.083507538E-1
1.407067694E1,-6.044864655E-2
1.411067214E1,-2.864837646E-3
1.415066747E1,9.119033813E-3
1.419066290E1,-3.651905060E-2
1.423065834E1,9.751510620E-2
1.427065370E1,-2.223014832E-2
1.431064900E1,2.817440033E-2
1.435064437E1,-6.047534943E-2
1.439063967E1,1.837043762E-1
1.443063493E1,-6.999015808E-2
1.447063023E1,5.198287964E-2
1.451062553E1,-5.575275421E-2
1.455062087E1,-1.257228851E-2
1.459061617E1,-3.183937073E-2
1.463061157E1,-7.010841370E-2
1.467060687E1,-5.798149109E-2
1.471060217E1,1.192951202E-1
1.475059747E1,-1.847810745E-1
1.479059277E1,4.251956940E-2
1.483058807E1,2.089118958E-2
1.487058337E1,-3.887557983E-2
1.491057873E1,-5.794048309E-2
1.495057407E1,1.835060120E-2
1.499056947E1,7.098484039E-2
1.503056480E1,-1.444759369E-1
1.507056010E1,-7.946014404E-3
1.511055540E1,-5.098342896E-2
1.515055070E1,2.320194244E-2
1.519054603E1,1.355962753E-1
1.523054160E1,-9.174060822E-2
1.527053730E1,6.656742096E-2
1.531053280E1,-3.154659271E-2
1.535052823E1,-4.607295990E-2
1.539052346E1,-4.141139984E-2
1.543051873E1,1.046743393E-1
1.547051400E1,-1.011199951E-1
1.551050926E1,6.657600403E-3
1.555050453E1,4.494476318E-2
1.559049979E1,4.493236542E-2
1.563049516E1,-5.804443359E-2
1.567049046E1,-8.435535431E-2
1.571048576E1,-6.046962738E-2
1.575048103E1,-8.450412750E-2
1.579047633E1,-1.203870773E-1
1.583047159E1,7.841205597E-2
1.587046686E1,8.091068268E-2
1.591046219E1,-2.925872803E-3
1.595045746E1,-5.410194397E-3
1.599045279E1,-1.514720917E-2
1.603044806E1,2.551460266E-2
1.607044336E1,-3.425216675E-2
1.611043866E1,-3.643131256E-2
1.615043392E1,4.743671417E-2
1.619042919E1,6.155681610E-2
1.623042445E1,-3.183746338E-2
1.627041979E1,-2.089672089E-1
1.631041519E1,1.141567230E-1
1.635041065E1,-6.524753571E-2
1.639040602E1,-2.232122421E-1
1.643040118E1,9.975337982E-2
1.647039625E1,-4.837417603E-2
1.651039132E1,-7.701492310E-2
1.655038638E1,5.194473267E-2
1.659038148E1,5.212020874E-2
1.663037662E1,1.751899719E-3
1.667037165E1,1.538276672E-3
1.671036675E1,7.624530792E-2
1.675036185E1,-5.541133881E-2
1.679035695E1,1.382217407E-1
1.683035202E1,-7.813453674E-3
1.687034708E1,-1.016807556E-2
1.691034221E1,-3.901290894E-2
1.695033728E1,-1.035976410E-1
1.699033241E1,-1.586484909E-1
1.703032748E1,3.520202637E-2
1.707032254E1,6.153392792E-2
1.711031765E1,-1.394062042E-1
1.715031274E1,-2.453804016E-2
1.719030784E1,1.141719818E-1
1.723030295E1,7.599258423E-2
1.727029808E1,-1.060028076E-1
1.731029314E1,1.119251251E-1
1.735028841E1,-1.750411987E-1
1.739028374E1,4.687309265E-2
1.743027914E1,-1.252212524E-1
1.747027454E1,5.187034607E-2
1.751026981E1,5.880451202E-2
1.755026508E1,2.088928223E-2
1.759026034E1,-2.064924240E-1
1.763025567E1,1.068191528E-1
1.767025094E1,-1.634063721E-1
1.771024627E1,-1.610574722E-1
1.775024154E1,2.069282532E-2
1.779023684E1,-9.890556335E-2
1.783023214E1,-2.710628510E-2
1.787022747E1,1.834106445E-2
1.791022280E1,-1.727676392E-2
1.795021807E1,4.484844208E-2
1.799021340E1,-8.700275421E-2
1.803020870E1,-1.275720596E-1
1.807020397E1,-1.042842865E-2
1.811019924E1,7.823085785E-2
1.815019450E1,-7.238864899E-2
1.819018977E1,-5.328083038E-2
1.823018507E1,1.238212585E-1
1.827018043E1,-8.210945129E-2
1.831017570E1,-1.506328583E-2
1.835017103E1,1.153087616E-2
1.839016630E1,-1.394948959E-1
1.843016163E1,2.329635620E-2
1.847015703E1,-5.090618134E-2
1.851015240E1,8.814525604E-2
1.855014766E1,-1.392841339E-1
1.859014280E1,-4.827022552E-2
1.863013793E1,3.986644745E-2
1.867013300E1,3.263759613E-2
1.871012813E1,-4.848003387E-2
1.875012320E1,-8.434581757E-2
1.879011826E1,2.569103241E-2
1.883011333E1,-6.304359436E-2
1.887010843E1,1.104450226E-2
1.891010353E1,-3.924179077E-2
1.895009863E1,9.975051880E-2
1.899009376E1,-1.011781693E-1
1.903008883E1,-1.323595047E-1
1.907008389E1,-5.510330200E-3
1.911007896E1,-2.465820312E-2
1.915007402E1,-5.577468872E-2
1.919006909E1,3.043746948E-2
1.923006416E1,2.806186676E-2
1.927005932E1,-5.566501617E-2
1.931005442E1,-1.801071167E-1
1.935004959E1,-7.745742798E-3
1.939004469E1,-1.978492737E-2
1.943003972E1,-2.472496033E-2
1.947003482E1,-6.070518494E-2
1.951003012E1,7.106685638E-2
1.955002549E1,-6.282806396E-2
1.959002092E1,-3.170204163E-2
1.963001632E1,-8.210372925E-2
1.967001162E1,7.107639313E-2
1.971000702E1,-6.052112579E-2
1.975000232E1,-5.097103119E-2
1.978999762E1,-2.467060089E-2
1.982999292E1,8.863449097E-3
1.986998822E1,-1.083765030E-1
1.990998355E1,-7.716560364E-2
1.994997889E1,-6.526756287E-2
1.998997429E1,-3.182506561E-2
2.002996962E1,-9.895133972E-2
2.006996492E1,3.756237030E-2
2.010996022E1,-1.494503021E-2
2.014995552E1,-8.181095123E-2
2.018995082E1,-7.954311371E-2
2.022994612E1,9.752941132E-2
2.026994148E1,1.132678986E-2
2.030993682E1,-7.488250732E-2
2.034993222E1,-5.098152161E-2
2.038992755E1,6.150245667E-2
2.042992288E1,3.044509888E-2
2.046991818E1,-7.727622986E-2
2.050991348E1,6.886196136E-2
2.054990878E1,2.566719055E-2
2.058990428E1,-4.138278961E-2
2.062989995E1,-5.339050293E-2
2.066989555E1,4.007625580E-2
2.070989102E1,8.812046051E-2
2.074988635E1,-1.680841446E-1
2.078988158E1,4.009723663E-2
2.082987688E1,-3.897953033E-2
2.086987215E1,1.846027374E-2
2.090986741E1,-1.156644821E-1
2.094986268E1,-3.666877747E-2
2.098985801E1,6.152915955E-2
2.102985331E1,-1.011419296E-1
2.106984861E1,-1.179218292E-1
2.110984388E1,9.027290344E-2
2.114983914E1,8.062744141E-2
2.118983441E1,-1.109962463E-1
2.122982968E1,-2.949714661E-2
2.126982501E1,7.601737976E-2
2.130982028E1,-3.640842438E-2
2.134981558E1,-1.179580688E-1
2.138981084E1,4.475402832E-2
2.142980614E1,-1.039409637E-2
2.146980144E1,-5.591678619E-2
2.150979671E1,-3.911304474E-2
2.154979197E1,6.385040283E-2
2.158978724E1,3.033542633E-2
2.162978257E1,-1.588029861E-1
2.166977791E1,-2.468681335E-2
2.170977337E1,1.022367477E-1
2.174976877E1,-7.013797760E-2
2.178976397E1,-6.304550171E-2
2.182975910E1,4.718971252E-2
2.186975417E1,6.893157959E-2
2.190974924E1,-7.235050201E-2
2.194974430E1,-5.096626282E-2
2.198973947E1,-7.501792908E-2
2.202973454E1,-2.487182617E-2
2.206972964E1,-6.330013275E-2
2.210972474E1,-5.620002747E-3
2.214971984E1,-3.863143921E-2
2.218971494E1,-1.702432632E-1
2.222970997E1,1.854896545E-3
2.226970510E1,-1.758003235E-2
2.230970017E1,2.541828156E-2
2.234969530E1,1.572608948E-2
2.238969037E1,-2.479362488E-2
2.242968543E1,-6.027221680E-4
2.246968053E1,-3.892612457E-2
2.250967563E1,-6.056594849E-2
2.254967077E1,8.074760437E-2
2.258966586E1,1.762390137E-3
2.262966100E1,-1.228141785E-1
2.266965606E1,4.032135010E-3
2.270965123E1,1.609134674E-2
2.274964653E1,-1.494789124E-2
2.278964193E1,-5.352020264E-3
2.282963733E1,5.447864532E-2
2.286963266E1,2.560997009E-2
2.290962793E1,-4.154491425E-2
2.294962320E1,-8.939743042E-2
2.298961853E1,7.835388184E-2
2.302961376E1,-5.238533020E-3
2.306960909E1,-6.763458252E-2
2.310960436E1,-2.702140808E-2
2.314959963E1,6.391620636E-2
2.318959489E1,-6.059551239E-2
2.322959019E1,-1.986122131E-2
2.326958552E1,-2.946472168E-2
2.330958079E1,3.278541565E-2
2.334957612E1,-1.084976196E-1
2.338957139E1,-5.340576172E-2
2.342956669E1,1.190214157E-1
2.346956196E1,7.343959808E-2
2.350955722E1,7.341766357E-2
2.354955249E1,-4.142284393E-2
2.358954779E1,-1.034870148E-1
2.362954315E1,-1.537971497E-1
2.366953842E1,-2.449798584E-1
2.370953375E1,-3.143920898E-1
2.374952902E1,-1.875391006E-1
2.378952432E1,-2.688884735E-1
2.382951972E1,-4.219589233E-1
2.386951512E1,-3.166418076E-1
2.390951049E1,-3.311576843E-1
2.394950565E1,-3.311128616E-1
2.398950078E1,-4.173231125E-1
2.402949585E1,-3.837881088E-1
2.406949098E1,-4.820604324E-1
2.410948605E1,-4.773292542E-1
2.414948112E1,-4.124717712E-1
2.418947618E1,-4.601993561E-1
2.422947131E1,-4.602766037E-1
2.426946641E1,-5.105991364E-1
2.430946151E1,-5.634174347E-1
2.434945668E1,-6.112899780E-1
2.438945178E1,-6.735429764E-1
2.442944685E1,-6.185207367E-1
2.446944188E1,-7.478656769E-1
2.450943694E1,-7.333879471E-1
2.454943201E1,-7.716197968E-1
2.458942708E1,-7.955493927E-1
2.462942221E1,-8.842191696E-1
2.466941731E1,-8.601503372E-1
2.470941248E1,-8.793706894E-1
2.474940758E1,-8.315095901E-1
2.478940264E1,-8.841829300E-1
2.482939771E1,-9.130373001E-1
2.486939297E1,-9.130048752E-1
2.490938827E1,-8.746118546E-1
2.494938371E1,-8.553066254E-1
2.498937917E1,-9.128494263E-1
2.502937444E1,-8.434782028E-1
2.506936980E1,-8.794012070E-1
2.510936511E1,-8.744859695E-1
2.514936041E1,-8.481349945E-1
2.518935570E1,-8.075332642E-1
2.522935100E1,-7.548980713E-1
2.526934631E1,-8.242807388E-1
2.530934164E1,-7.644090652E-1
2.534933704E1,-7.237691879E-1
2.538933237E1,-6.783895493E-1
2.542932767E1,-6.017045975E-1
2.546932297E1,-5.920171738E-1
2.550931827E1,-5.561580658E-1
2.554931357E1,-4.533472061E-1
2.558930887E1,-4.294013977E-1
2.562930424E1,-3.742437363E-1
2.566929957E1,-2.544422150E-1
2.570929497E1,-2.928075790E-1
2.574929030E1,-2.809009552E-1
2.578928564E1,-2.497558594E-1
2.582928097E1,-2.281780243E-1
2.586927627E1,-1.683397293E-1
2.590927157E1,-1.707601547E-1
2.594926700E1,-1.755704880E-1
2.598926260E1,-1.539506912E-1
2.602925824E1,-4.617786407E-2
2.606925374E1,-4.857730865E-2
2.610924914E1,-6.535243988E-2
2.614924440E1,-1.025867462E-2
2.618923967E1,5.440044403E-2
2.622923497E1,-1.746273041E-2
2.626923023E1,1.124668121E-2
2.630922550E1,4.717636108E-2
2.634922083E1,5.436515808E-2
2.638921610E1,-3.089904785E-3
2.642921140E1,3.999423981E-2
2.646920670E1,1.844120026E-2
2.650920196E1,-3.082275391E-3
2.654919723E1,-1.743984222E-2
2.658919250E1,1.608371735E-2
2.662918783E1,1.126194000E-2
2.666918310E1,-6.534957886E-2
2.670917843E1,2.084636688E-2
2.674917366E1,-1.267623901E-2
2.678916896E1,-6.056022644E-2
2.682916426E1,1.366519928E-2
2.686915956E1,-3.092765808E-3
2.690915479E1,-7.885932922E-3
2.694915006E1,2.564430237E-2
2.698914546E1,3.044605255E-2
2.702914076E1,-1.024627686E-2
2.706913623E1,-6.656646729E-4
2.710913163E1,2.328395844E-2
2.714912689E1,-6.647109985E-4
2.718912206E1,-2.459430695E-2
2.722911712E1,-1.501178741E-2
2.726911216E1,-6.780624390E-4
2.730910722E1,-2.701282501E-2
2.734910236E1,3.044795990E-2
2.738909742E1,3.285408020E-2
2.742909252E1,-1.263332367E-2
2.746908762E1,-1.503181458E-2
2.750908272E1,2.088165283E-2
2.754907782E1,-2.700996399E-2
2.758907292E1,-4.377746582E-2
2.762906806E1,1.369571686E-2
2.766906312E1,-2.222728729E-2
2.770905825E1,-4.137516022E-2
2.774905332E1,3.284263611E-2
2.778904839E1,1.848125458E-2
2.782904349E1,-4.615020752E-2
2.786903859E1,-1.263237000E-2
2.790903369E1,-3.069877625E-3
2.794902882E1,-5.471229553E-3
2.798902395E1,-1.266002655E-2
2.802901902E1,2.086067200E-2
2.806901415E1,-3.421115875E-2
2.810900945E1,-2.701854706E-2
2.814900485E1,4.243755341E-2
2.818900018E1,1.849842072E-2
2.822899555E1,-1.502132416E-2
2.826899082E1,-6.723403931E-4
2.830898608E1,-1.025867462E-2
2.834898142E1,-3.659534454E-2
2.838897668E1,6.518363953E-3
2.842897201E1,-1.741790771E-2
2.846896731E1,-2.699089050E-2
2.850896258E1,-6.528472900E-2
2.854895788E1,4.247188568E-2
2.858895315E1,1.850795746E-2
2.862894848E1,-3.416728973E-2
2.866894375E1,8.939743042E-3
2.870893908E1,4.148483276E-3
2.874893434E1,-4.851150513E-2
2.878892961E1,-1.738166809E-2
2.882892488E1,8.944511414E-3
2.886892014E1,-3.417396545E-2
2.890891541E1,-1.023960114E-2
2.894891071E1,3.287124634E-2
2.898890607E1,1.371860504E-2
2.902890134E1,-2.698421478E-2
2.906889667E1,1.611614227E-2
2.910889194E1,-1.261997223E-2
2.914888720E1,-5.809879303E-2
2.918888254E1,4.177093506E-3
2.922887794E1,-5.414009094E-3
2.926887334E1,-3.894233704E-2
2.930886854E1,-6.437301636E-4
2.934886367E1,1.610851288E-2
2.938885874E1,-1.741218567E-2
2.942885387E1,-1.501464844E-2
2.946884894E1,2.329826355E-2
2.950884400E1,-6.618499756E-4
2.954883907E1,-4.375743866E-2
2.958883417E1,3.526210785E-2
2.962882927E1,-1.743030548E-2
2.966882437E1,-2.461242676E-2
2.970881953E1,8.898735046E-3
2.974881460E1,2.804851532E-2
2.978880970E1,-3.072738647E-3
2.982880477E1,-3.070831299E-3
2.986879980E1,-6.723403931E-4
2.990879486E1,-1.261711121E-2
2.994878993E1,-4.610252380E-2
2.998878506E1,-2.991676331E-3
3.002878013E1,-2.214336395E-2
3.006877530E1,-1.975440979E-2
3.010877040E1,3.532600403E-2
3.014876546E1,4.010391235E-2
3.018876053E1,-5.329513550E-2
3.022875573E1,-2.216625214E-2
3.026875103E1,-3.037452698E-3
3.030874646E1,-3.041267395E-3
3.034874196E1,-3.177261353E-2
3.038873733E1,-1.264953613E-2
3.042876596E1,4.095077515E-3
3.046879459E1,-3.421115875E-2
3.050882323E1,5.439853668E-2
3.054885186E1,5.439662933E-2
3.058888049E1,2.567958832E-2
3.062890913E1,-2.698898315E-2
3.066893779E1,-6.494522095E-4
3.070896652E1,-2.219772339E-2
3.074899519E1,-5.330848694E-2
3.078902382E1,3.528499603E-2
3.082905246E1,1.754760742E-3
3.086908109E1,-5.091857910E-2
3.090910972E1,2.809429169E-2
3.094913836E1,4.724025726E-2
3.098916706E1,-1.740932465E-2
3.102919569E1,-3.038406372E-3
3.106922445E1,8.934020996E-3
3.110925312E1,-1.500129700E-2
3.114928179E1,-5.092144012E-2
3.118931045E1,3.527259827E-2
3.122933909E1,4.161834717E-3
3.126936772E1,-3.175258636E-2
3.130939638E1,4.137039185E-3
3.134942528E1,4.483985901E-2
3.138945425E1,-3.416919708E-2
3.142948308E1,6.545066833E-3
3.146951182E1,4.142761230E-3
3.150954042E1,-5.810546875E-2
3.154956902E1,-2.458190918E-2
3.158959762E1,1.745223999E-3
3.162959295E1,-1.261711121E-2
3.166958822E1,-5.571269989E-2
3.170958355E1,2.090549469E-2
3.174957881E1,1.756668091E-3
3.178957411E1,-4.853439331E-2
3.182956941E1,6.513595581E-3
3.186956468E1,-5.468368530E-3
3.190955995E1,-5.335140228E-2
3.194955521E1,-2.939701080E-2
3.198955055E1,-1.264095306E-2
3.202954578E1,-1.266860962E-2
3.206954111E1,-1.744365692E-2
3.210953638E1,3.522872925E-2
3.214953164E1,1.130580902E-2
3.218952691E1,-2.699375153E-2
3.222952221E1,1.742362976E-3
3.226951748E1,1.736640930E-3
3.230951274E1,-4.137802124E-2
3.234950807E1,-2.461242676E-2
3.238950334E1,-2.222251892E-2
3.242949877E1,-3.420543671E-2
3.246949417E1,-6.837844849E-4
3.250948954E1,1.369285583E-2
3.254948471E1,-2.460956573E-2
3.258947977E1,-2.939987183E-2
3.262947490E1,-1.024341583E-2
3.266946997E1,2.567481995E-2
3.270946510E1,-7.248878479E-2
3.274946017E1,4.129409790E-3
3.278945527E1,-2.700138092E-2
3.282945037E1,-3.176879883E-2
3.286944547E1,-3.025054932E-3
3.290944057E1,2.571201324E-2
3.294943567E1,-7.803916931E-3
3.298943080E1,-2.935028076E-2
3.302942587E1,1.132869720E-2
3.306942100E1,-1.023197174E-2
3.310941607E1,-3.656482697E-2
3.314941113E1,2.570152283E-2
3.318940620E1,-2.697753906E-2
3.322940133E1,-3.176689148E-2
3.326939643E1,8.934020996E-3
3.330939153E1,3.046321869E-2
3.334938670E1,-3.067016602E-3
3.338938180E1,-3.658866882E-2
3.342937686E1,-5.469322205E-3
3.346937206E1,-1.026725769E-2
3.350936740E1,-3.899955750E-2
3.354936280E1,2.564620972E-2
3.358935820E1,-6.914138794E-4
3.362935353E1,-2.701759338E-2
3.366934880E1,1.129055023E-2
3.370934413E1,2.562332153E-2
3.374933943E1,4.068374634E-3
3.378933470E1,-5.520820618E-3
3.382932996E1,1.602649689E-2
3.386932523E1,-3.904628754E-2
3.390932049E1,-4.622173309E-2
3.394931579E1,1.843738556E-2
3.398931113E1,-2.944278717E-2
3.402930639E1,-5.336666107E-2
3.406930172E1,-1.983451843E-2
3.410929699E1,-2.223491669E-2
3.414929226E1,-9.405231476E-2
3.418928752E1,-1.491127014E-1
3.422928279E1,-1.682825089E-1
3.426927802E1,-1.323490143E-1
3.430927329E1,-1.969957352E-1
3.434926865E1,-1.778364182E-1
3.438926395E1,-1.634807587E-1
3.442925922E1,-1.252546310E-1
3.446925449E1,-9.405040741E-2
3.450924975E1,4.242897034E-3
3.454924505E1,-3.171348572E-2
3.458924045E1,3.287792206E-2
3.462923592E1,-2.216815948E-2
3.466923118E1,-2.459621429E-2
3.470922638E1,-1.017189026E-2
3.474922145E1,-7.485294342E-2
3.478921652E1,-5.336570740E-2
3.482921158E1,3.761577606E-2
3.486920665E1,-4.376983643E-2
3.490920171E1,8.884429932E-3
3.494919678E1,-7.868766785E-3
3.498919195E1,-1.988220215E-2
3.502918705E1,-7.429122925E-4
3.506918221E1,-5.815219879E-2
3.510917731E1,2.798080444E-2
3.514917235E1,-3.904724121E-2
3.518916741E1,-1.511383057E-2
3.522916248E1,-3.189659119E-2
3.526915754E1,-3.164291382E-3
3.530915261E1,-6.300354004E-2
3.534914774E1,-1.987552643E-2
3.538914284E1,-3.428554535E-2
3.542913794E1,-3.671264648E-2
3.546913308E1,-2.707958221E-2
3.550912818E1,-7.143020630E-4
3.554912324E1,1.123905182E-2
3.558911834E1,-1.037979126E-2
3.562911367E1,-1.756286621E-2
3.566910904E1,-1.986217499E-2
3.570910454E1,-6.780624390E-4
3.574909994E1,-3.089904785E-3
3.578909524E1,-7.343292236E-4
3.582909054E1,-6.942749023E-4
3.586908584E1,1.849269867E-2
3.590908114E1,-2.463626862E-2
3.594907644E1,-2.466678619E-2
3.598907181E1,4.049301147E-3
3.602906714E1,-1.028633118E-2
3.606906254E1,-1.983547211E-2
3.610905787E1,-2.702808380E-2
3.614905320E1,-6.856918335E-4
3.618904850E1,-3.070831299E-3
3.622904380E1,-3.067970276E-3
3.626903907E1,-1.502704620E-2
3.630903437E1,-1.504325867E-2
3.634902977E1,-1.986217499E-2
3.638902507E1,-3.109931946E-3
3.642902044E1,2.326774597E-2
3.646901577E1,-2.699375153E-2
3.650901110E1,-7.861137390E-3
3.654900644E1,-1.267528534E-2
3.658900174E1,-2.461338043E-2
3.662899710E1,-2.219009399E-2
3.666899240E1,-3.658294678E-2
3.670898790E1,1.700401306E-3
3.674898347E1,6.487846375E-3
3.678897907E1,1.710891724E-3
3.682897450E1,-2.462863922E-2
3.686896983E1,-1.989269257E-2
3.690896510E1,-1.748657227E-2
3.694896037E1,-7.865905762E-3
3.698895570E1,-1.025867462E-2
3.702895096E1,-1.988697052E-2
3.706894626E1,-7.950782776E-3
3.710894153E1,-3.047943115E-3
3.714893683E1,-3.047943115E-3
3.718893213E1,-5.104351044E-2
3.722892740E1,-2.952194214E-2
3.726892266E1,1.667022705E-3
3.730891793E1,6.512641907E-3
3.734891326E1,-1.745796204E-2
3.738890853E1,-5.549430847E-3
3.742890386E1,-7.926940918E-3
3.746889916E1,-2.460765839E-2
3.750889443E1,1.127243042E-2
3.754888969E1,-2.712440491E-2
3.758888496E1,1.671791077E-3
3.762888026E1,-1.740741730E-2
3.766887553E1,-3.103256226E-3
3.770887086E1,1.652717590E-3
3.774886612E1,-2.467918396E-2
3.778886146E1,-1.028537750E-2
3.782885686E1,-1.265716553E-2
3.786885226E1,-2.706241608E-2
3.790884752E1,-7.467269897E-4
3.794884262E1,-1.509189606E-2
3.798883776E1,-7.085800171E-4
3.802883282E1,-7.945060730E-3
3.806882796E1,-2.229595184E-2
3.810882302E1,-2.704811096E-2
3.814881809E1,-7.881164551E-3
3.818881319E1,-1.984882355E-2
3.822880825E1,-1.028156281E-2
3.826880339E1,-7.871627808E-3
3.830879849E1,-2.463054657E-2
3.834879362E1,4.119873047E-3
3.838878868E1,-1.504135132E-2
3.842878382E1,-1.026535034E-2
3.846877888E1,8.899688721E-3
3.850877395E1,-3.068923950E-3
3.854876902E1,-3.067970276E-3
3.858876412E1,4.120826721E-3
3.862875922E1,-1.742649078E-2
3.866875432E1,1.607990265E-2
3.870874948E1,-2.224159241E-2
3.874874458E1,-6.904602051E-4
3.878873968E1,2.806568146E-2
3.882873478E1,-3.180503845E-2
3.886873008E1,-7.734298706E-4
3.890872545E1,-3.431224823E-2
3.894872085E1,-1.029300690E-2
3.898871625E1,1.130199432E-2
3.902871151E1,6.440162659E-3
3.906870685E1,-5.568504333E-3
3.910870211E1,4.096031189E-3
3.914869741E1,-5.432128906E-3
3.918869268E1,-1.743793488E-2
3.922868795E1,-7.885932922E-3
3.926868321E1,-1.983642578E-2
3.930867851E1,4.119873047E-3
3.934867388E1,8.873939514E-3
3.938866914E1,-3.149986267E-3
3.942866451E1,-5.540847778E-3
3.946865978E1,-7.495880127E-4
3.950865504E1,-1.750564575E-2
3.954865031E1,-7.932662964E-3
3.958864557E1,-1.268672943E-2
3.962864084E1,1.728057861E-3
3.966863607E1,1.849746704E-2
3.970863144E1,-7.835388184E-3
3.974862674E1,4.125595093E-3
3.978862200E1,-1.982498169E-2
3.982861724E1,4.085540771E-3
3.986861250E1,1.603031158E-2
3.990860777E1,2.081966400E-2
3.994860317E1,-1.986217499E-2
3.998859864E1,4.096031189E-3
4.002859400E1,8.862495422E-3
4.006858923E1,1.690864563E-3
4.010858433E1,6.497383118E-3
4.014857940E1,-3.076553345E-3
4.018857443E1,-6.961822510E-4
4.022856950E1,1.675605774E-3
4.026856457E1,4.061698914E-3
4.030855963E1,6.464958191E-3
4.034855476E1,-2.466487885E-2
4.038854986E1,1.844882965E-2
4.042854503E1,1.713752747E-3
4.046854013E1,-1.022911072E-2
4.050853520E1,-6.704330444E-4
4.054853026E1,-6.885528564E-4
4.058852533E1,-1.744937897E-2
4.062852039E1,-7.874488831E-3
4.066851546E1,1.367855072E-2
4.070851059E1,1.704216003E-3
4.074850569E1,1.845550537E-2
4.078850079E1,-7.880210876E-3
4.082849589E1,1.604461670E-2
4.086849103E1,-1.747226715E-2
4.090848609E1,8.872985840E-3
4.094848116E1,-7.881164551E-3
4.098847642E1,-6.942749023E-4
4.102847179E1,6.486892700E-3
4.106846729E1,-3.086090088E-3
4.110846272E1,1.127338409E-2
4.114845802E1,2.085208893E-2
4.118845332E1,6.489753723E-3
4.122844862E1,-1.265907288E-2
4.126844392E1,-5.467414856E-3
4.130843922E1,-1.264858246E-2
4.134843459E1,1.364994049E-2
4.138842992E1,1.677513123E-3
4.142842532E1,2.567195892E-2
4.146842066E1,-1.745033264E-2
4.150841599E1,6.451606750E-3
4.154841132E1,1.367473602E-2
4.158840662E1,1.365184784E-2
4.162840192E1,-5.508422852E-3
4.166839719E1,2.324771881E-2
4.170839255E1,-2.701187134E-2
4.174838785E1,2.088642120E-2
4.178838322E1,-3.046989441E-3
4.182837852E1,-1.262283325E-2
4.186837385E1,6.528854370E-3
4.190836919E1,1.741409302E-3
4.194836449E1,-6.704330444E-4
4.198835985E1,-1.025485992E-2
4.202835515E1,-1.983165741E-2
4.206835055E1,-1.505470276E-2
4.210834608E1,1.685142517E-3
4.214834172E1,-6.971359253E-4
4.218833718E1,-1.024532318E-2
4.222833255E1,1.849937439E-2
4.226832782E1,8.972167969E-3
4.230832308E1,1.757621765E-3
4.234831841E1,-4.856300354E-2
4.238831368E1,3.284263611E-2
4.242830901E1,-6.313323975E-4
4.246830425E1,1.137065887E-2
4.250829955E1,-1.497650146E-2
4.254829485E1,2.326965332E-2
4.258829015E1,-2.221298218E-2
4.262828538E1,1.811027527E-3
4.266828064E1,-1.499176025E-2
4.270827598E1,-3.073692322E-3
4.274827124E1,8.961677551E-3
4.278826658E1,1.858139038E-2
4.282826184E1,-1.743030548E-2
4.286825714E1,8.877754211E-3
4.290825241E1,-1.736831665E-2
4.294824771E1,2.574062347E-2
4.298824301E1,-2.698898315E-2
4.302823831E1,-1.026439667E-2
4.306823364E1,2.329826355E-2
4.310822891E1,-6.246566772E-4
4.314822421E1,1.132106781E-2
4.318821961E1,6.505966187E-3
4.322821501E1,-1.019573212E-2
4.326821037E1,-1.018238068E-2
4.330820554E1,-7.864952087E-3
4.334820067E1,4.054069519E-3
4.338819577E1,3.766632080E-2
4.342819091E1,-1.739597321E-2
4.346818597E1,1.370143890E-2
4.350818104E1,-5.471229553E-3
4.354817610E1,-2.457141876E-2
4.358817120E1,8.969306946E-3
4.362816630E1,-3.180122375E-2
4.366816144E1,2.565193176E-2
4.370815657E1,-1.258850098E-2
4.374815164E1,-2.965927124E-3
4.378814677E1,4.203796387E-3
4.382814187E1,-5.404472351E-3
4.386813694E1,-1.019287109E-2
4.390813197E1,6.579399109E-3
4.394812707E1,-6.418228149E-4
4.398812217E1,-5.477905273E-3
4.402811727E1,2.087211609E-2
4.406811240E1,-1.259517670E-2
4.410810750E1,1.613235474E-2
4.414810257E1,-3.012657166E-3
4.418809763E1,-7.781982422E-3
4.422809290E1,6.608009338E-3
4.426808823E1,1.140403748E-2
4.430808360E1,-3.004074097E-3
4.434807903E1,1.808166504E-3
4.438807430E1,-2.957344055E-3
4.442806963E1,8.982658386E-3
4.446806490E1,-7.794380188E-3
4.450806016E1,-1.256752014E-2
4.454805543E1,4.181861877E-3
4.458805069E1,-5.427360535E-3
4.462804596E1,8.911132812E-3
4.466804126E1,-6.656646729E-4
4.470803663E1,-1.023101807E-2
4.474803193E1,-3.180027008E-2
4.478802726E1,-2.945613861E-2
4.482802252E1,-7.162094116E-4
4.486801779E1,4.193305969E-3
4.490801306E1,2.331733704E-2
4.494800832E1,-3.898429871E-2
4.498800359E1,2.564620972E-2
4.502799886E1,-4.134273529E-2
4.506799419E1,1.853275299E-2
4.510798952E1,-6.179809570E-4
4.514798479E1,-3.415012360E-2
4.518798005E1,2.569770813E-2
4.522797529E1,-1.500892639E-2
4.526797059E1,2.811527252E-2
4.530796592E1,-1.978778839E-2
4.534796139E1,1.131248474E-2
4.538795678E1,-2.940082550E-2
4.542795205E1,-6.599426270E-4
4.546794718E1,-3.044128418E-3
4.550794228E1,-2.462196350E-2
4.554793735E1,1.847362518E-2
4.558793238E1,-1.261806488E-2
4.562792745E1,8.920669556E-3
4.566792252E1,-2.938842773E-2
4.570791765E1,1.613235474E-2
4.574791271E1,1.791954041E-3
4.578790788E1,-1.737022400E-2
4.582790298E1,-3.051757812E-3
4.586789805E1,-1.259136200E-2
4.590789311E1,-1.497554779E-2
4.594788818E1,-7.883071899E-3
4.598788324E1,-1.746463776E-2
4.602787831E1,2.567958832E-2
4.606787344E1,-1.259708405E-2
4.610786851E1,1.130962372E-2
4.614786361E1,-1.025581360E-2
4.618785871E1,-3.052711487E-3
4.622785381E1,-2.220630646E-2
4.626784891E1,-1.502704620E-2
4.630784398E1,-1.263904572E-2
4.634783914E1,1.612663269E-2
4.638783444E1,-1.019191742E-2
4.642782991E1,-1.027584076E-2
4.646782534E1,-1.032161713E-2
4.650782071E1,1.367282867E-2
4.654781601E1,2.336025238E-2
4.658781131E1,-3.414821625E-2
4.662780661E1,-2.717018127E-2
4.666780191E1,3.988265991E-3
4.670779724E1,1.821517944E-3
4.674779254E1,-3.172969818E-2
4.678778797E1,-1.520061493E-2
4.682778331E1,-1.758193970E-2
4.686777864E1,-1.741886139E-2
4.690777397E1,-2.983093262E-3
4.694776930E1,-7.945060730E-3
4.698776460E1,-2.715682983E-2
4.702775990E1,-7.869720459E-3
4.706775527E1,-7.792472839E-3
4.710775057E1,-3.179740906E-2
4.714774594E1,1.361370087E-2
4.718774127E1,-4.618263245E-2
4.722773657E1,4.179000854E-3
4.726773190E1,-1.261806488E-2
4.730772724E1,-1.750564575E-2
4.734772260E1,-1.987838745E-2
4.738771790E1,-1.262378693E-2
4.742771327E1,-1.023101807E-2
4.746770877E1,-5.500793457E-3
4.750770440E1,-5.494117737E-3
4.754770000E1,-1.741600037E-2
4.758769540E1,1.853370667E-2
4.762769073E1,-1.266384125E-2
4.766768600E1,-3.108024597E-3
4.770768133E1,-1.983547211E-2
4.774767660E1,4.152297974E-3
4.778767193E1,-5.468368530E-3
4.782766720E1,4.044532776E-3
4.786766243E1,-1.987075806E-2
4.790765776E1,-1.506137848E-2
4.794765306E1,-1.747226715E-2
4.798764833E1,-1.032924652E-2
4.802764356E1,4.041671753E-3
4.806763890E1,-1.744365692E-2
4.810763416E1,-2.941226959E-2
4.814762949E1,-1.987838745E-2
4.818762476E1,-5.514144897E-3
4.822762003E1,-1.266670227E-2
4.826761529E1,-1.506328583E-2
4.830761059E1,6.447792053E-3
4.834760589E1,2.291212082E-1
4.838760116E1,3.520584106E-2
4.842759652E1,-1.084203720E-1
4.846759179E1,-1.754903793E-1
4.850758702E1,1.640319824E-3
4.854758236E1,2.324485779E-2
4.858757776E1,-3.415966034E-2
4.862757316E1,-9.641551971E-2
4.866756836E1,-7.857322693E-3
4.870756349E1,-2.462196350E-2
4.874755856E1,-7.811546326E-3
4.878755369E1,1.133918762E-2
4.882754875E1,-1.501464844E-2
4.886754382E1,6.530761719E-3
4.890753889E1,-4.133415222E-2
4.894753399E1,6.551742554E-3
4.898752909E1,-3.899765015E-2
4.902752419E1,-7.878303528E-3
4.906751939E1,-1.023864746E-2
4.910751445E1,-2.697467804E-2
4.914750958E1,1.738548279E-3
4.918750465E1,-1.264953613E-2
4.922749975E1,-6.809234619E-4
4.926749482E1,-1.985263824E-2
4.930748985E1,-7.904052734E-3
4.934748495E1,-1.032638550E-2
4.938748005E1,6.444931030E-3
4.942747522E1,1.684188843E-3
4.946747028E1,4.075050354E-3
4.950746535E1,-5.523681641E-3
4.954746041E1,-1.271438599E-2
4.958745561E1,1.121902466E-2
4.962745091E1,-1.513957977E-2
4.966744631E1,-1.276016235E-2
4.970744181E1,-7.925033569E-4
4.974743715E1,1.597404480E-2
4.978743248E1,-1.754474640E-2
4.982742775E1,-2.234268188E-2
4.986742301E1,-5.587005615E-2
4.990741828E1,-6.782817841E-2
4.994741354E1,-5.106067657E-2
4.998740881E1,-5.345249176E-2
5.002740408E1,-1.492128372E-1
5.006739944E1,-1.946687698E-1
5.010739474E1,-2.137966156E-1
5.014739008E1,-2.545070648E-1
5.018738534E1,-2.736692429E-1
5.022738061E1,-2.760686874E-1
5.026737584E1,-2.928600311E-1
5.030737107E1,-3.120088577E-1
5.034736634E1,-3.431367874E-1
5.038736160E1,-3.575038910E-1
5.042735694E1,-3.503246307E-1
5.046735224E1,-3.814420700E-1
5.050734757E1,-3.838424683E-1
5.054734284E1,-3.934316635E-1
5.058733810E1,-4.461126328E-1
5.062733337E1,-4.724349976E-1
5.066732870E1,-5.106859207E-1
5.070732417E1,-4.915275574E-1
5.074731957E1,-5.873622894E-1
5.078731487E1,-5.538902283E-1
5.082731003E1,-5.969181061E-1
5.086730510E1,-6.135759354E-1
5.090730017E1,-6.159572601E-1
5.094729523E1,-6.567859650E-1
5.098729030E1,-6.497097015E-1
5.102728536E1,-6.783628464E-1
5.106728050E1,-7.236881256E-1
5.110727560E1,-6.949720383E-1
5.114727076E1,-7.381820679E-1
5.118726586E1,-6.902809143E-1
5.122726096E1,-7.477045059E-1
5.126725603E1,-7.164669037E-1
5.130725110E1,-7.716150284E-1
5.134724616E1,-8.076219559E-1
5.138724123E1,-8.290843964E-1
5.142723636E1,-7.524185181E-1
5.146723146E1,-8.315458298E-1
5.150722659E1,-8.148651123E-1
5.154722169E1,-8.077535629E-1
5.158721679E1,-8.052501678E-1
5.162721189E1,-8.913860321E-1
5.166720696E1,-8.051643372E-1
5.170720209E1,-8.387804031E-1
5.174719736E1,-7.644433975E-1
5.178719276E1,-8.314790726E-1
5.182718819E1,-8.074979782E-1
5.186718359E1,-7.309780121E-1
5.190717889E1,-7.478122711E-1
5.194717419E1,-7.071533203E-1
5.198716952E1,-6.928710938E-1
5.202716482E1,-6.377420425E-1
5.206716019E1,-5.920963287E-1
5.210715546E1,-5.393409729E-1
5.214715082E1,-5.537242889E-1
5.218714616E1,-5.275001526E-1
5.222714149E1,-4.149675369E-1
5.226713679E1,-3.743028641E-1
5.230713209E1,-3.194122314E-1
5.234712739E1,-2.643604279E-1
5.238712269E1,-2.834463120E-1
5.242711805E1,-2.233276367E-1
5.246711335E1,-2.304096222E-1
5.250710872E1,-1.491689682E-1
5.254710402E1,-1.301355362E-1
5.258709935E1,-1.758003235E-2
5.262709469E1,-4.386043549E-2
5.266709002E1,-6.777477264E-2
5.270708539E1,3.046894073E-2
5.274708068E1,-7.076263428E-4
5.278707605E1,1.597909927E-1
5.282707148E1,8.081245422E-2
5.286706705E1,-3.182411194E-2
5.290706268E1,4.473400116E-2
5.294705812E1,-2.957248688E-2
5.298705348E1,7.834911346E-2
5.302704875E1,3.056907654E-2
5.306704405E1,1.430454254E-1
5.310703931E1,1.363849640E-2
5.314703465E1,-8.701896667E-2
5.318702991E1,3.513336182E-2
5.322702518E1,2.567958832E-2
5.326702044E1,9.003639221E-3
5.330701578E1,-9.402275085E-2
5.334701108E1,5.433464050E-2
5.338700634E1,-5.339241028E-2
5.342700168E1,-6.290149689E-2
5.346699698E1,1.124382019E-2
5.350699231E1,6.149864197E-2
5.354698758E1,1.604843140E-2
5.358698284E1,-6.043052673E-2
5.362697811E1,-1.482009888E-2
5.366697341E1,2.576541901E-2
5.370696871E1,5.425930023E-2
5.374696401E1,-9.909057617E-2
5.378695934E1,6.392955780E-2
5.382695461E1,1.856803894E-3
5.386694987E1,-5.562591553E-2
5.390694517E1,-2.213478088E-2
5.394694054E1,8.951187134E-3
5.398693594E1,2.098560333E-2
5.402693121E1,-6.037616730E-2
5.406692641E1,4.494190216E-2
5.410692147E1,1.048488617E-1
5.414691660E1,1.878166199E-2
5.418691167E1,-1.470184326E-2
5.422690674E1,3.065395355E-2
5.426690184E1,-2.708530426E-2
5.430689694E1,1.819324493E-2
5.434689204E1,-6.812381744E-2
5.438688714E1,-4.646492004E-2
5.442688230E1,6.891727448E-2
5.446687740E1,-5.046844482E-3
5.450687250E1,4.766559601E-2
5.454686757E1,-1.300525665E-1
5.458686263E1,8.532905579E-2
5.462685770E1,2.067565918E-2
5.466685277E1,6.145286560E-2
5.470684783E1,-4.128360748E-2
5.474684293E1,7.849025726E-2
5.478683810E1,-4.613780975E-2
5.482683320E1,7.604789734E-2
5.486682823E1,2.098655701E-2
5.490682330E1,-3.012657166E-3
5.494681840E1,-1.059789658E-1
5.498681366E1,6.648349762E-2
5.502680906E1,-4.849052429E-2
5.506680453E1,-2.449798584E-2
5.510679990E1,-6.103515625E-4
5.514679526E1,3.278255463E-2
5.518679053E1,6.269454956E-3
5.522678579E1,-7.742500305E-2
5.526678106E1,-3.415966034E-2
5.530677632E1,-7.725715637E-3
5.534677159E1,1.119956970E-1
5.538676686E1,-4.845428467E-2
5.542676219E1,8.309650421E-2
5.546675749E1,6.484031677E-3
5.550675282E1,4.246425629E-2
5.554674809E1,-1.011142731E-1
5.558674336E1,3.537654877E-2
5.562673862E1,6.165885925E-2
5.566673385E1,-2.697658539E-2
5.570672915E1,-4.861545563E-2
5.574672442E1,3.522396088E-2
5.578671975E1,-3.069877625E-3
5.582671502E1,-5.322742462E-2
5.586671032E1,2.105426788E-2
5.590670562E1,9.099006653E-3
5.594670089E1,-4.854202271E-4
5.598669615E1,9.040832520E-2
5.602669142E1,-4.857921600E-2
5.606668685E1,-4.856491089E-2
5.610668225E1,-1.979732513E-2
5.614667768E1,-1.008987427E-2
5.618667285E1,-1.249408722E-2
5.622666792E1,1.718263626E-1
5.626666298E1,9.273242950E-2
5.630665805E1,-8.451175690E-2
5.634665311E1,-5.338859558E-2
5.638664818E1,2.329063416E-2
5.642664331E1,3.780460358E-2
5.646663841E1,-7.465457916E-2
5.650663358E1,-2.688980103E-2
5.654662868E1,-2.691459656E-2
5.658662378E1,-6.768131256E-2
5.662661888E1,-2.699756622E-2
5.666661394E1,3.048706055E-2
5.670660901E1,5.451965332E-2
5.674660408E1,-5.558300018E-2
5.678659921E1,3.773498535E-2
5.682659428E1,-2.451419830E-2
5.686658938E1,4.723930359E-2
5.690658448E1,-5.570411682E-2
5.694657958E1,7.355403900E-2
5.698657468E1,3.768825531E-2
5.702656978E1,1.851654053E-2
5.706656491E1,8.920669556E-3
5.710656011E1,4.238986969E-2
5.714655547E1,-5.531311035E-3
5.718655091E1,-3.432655334E-2
5.722654634E1,3.744220734E-2
5.726654171E1,-5.339050293E-2
5.730653701E1,-1.732158661E-2
5.734653231E1,-2.927780151E-3
5.738652764E1,1.613807678E-2
5.742652301E1,4.239654541E-2
5.746651830E1,1.839828491E-2
5.750651367E1,-6.056308746E-2
5.754650900E1,-2.456951141E-2
5.758650434E1,2.584552765E-2
5.762649967E1,2.340126038E-2
5.766649494E1,5.196762085E-2
5.770649024E1,3.988933563E-2
5.774648554E1,-1.039505005E-2
5.778648090E1,-8.224678040E-2
5.782647620E1,-1.278972626E-2
5.786647157E1,5.200099945E-2
5.790646687E1,3.756427765E-2
5.794646220E1,-1.523113251E-2
5.798645753E1,6.126689911E-2
5.802645287E1,-6.792545319E-2
5.806644827E1,-3.416347504E-2
5.810644357E1,7.352352142E-2
5.814643893E1,1.574344635E-1
5.818643427E1,-4.599094391E-2
5.822642980E1,-6.037998199E-2
5.826642543E1,-6.763172150E-2
5.830642093E1,1.286706924E-1
5.834641633E1,1.523666382E-1
5.838641160E1,-6.052589417E-2
5.842640693E1,-8.673858643E-2
5.846640216E1,6.898021698E-2
5.850639750E1,-1.059274673E-1
5.854639276E1,2.327823639E-2
5.858638803E1,-2.000999451E-2
5.862638330E1,3.998756409E-3
5.866637860E1,-1.156749725E-1
5.870637390E1,-4.367160797E-2
5.874636916E1,-3.889846802E-2
5.878636449E1,3.042602539E-2
5.882635976E1,4.947471619E-2
5.886635513E1,-4.868698120E-2
5.890635039E1,-4.378318787E-2
5.894634566E1,-8.197879791E-2
5.898634092E1,3.289413452E-2
5.902633619E1,4.170417786E-3
5.906633149E1,3.534603119E-2
5.910632679E1,9.031963348E-2
5.914632212E1,-4.847145081E-2
5.918631739E1,-6.759548187E-2
5.922631266E1,3.976821899E-3
5.926630792E1,-5.106830597E-2
5.930630332E1,6.872749329E-2
5.934629872E1,-2.461814880E-2
5.938629409E1,3.283119202E-2
5.942628932E1,-6.051063538E-2
5.946628439E1,4.248523712E-2
5.950627952E1,-2.445220947E-2
5.954627459E1,-1.006126404E-2
5.958626965E1,-6.279277802E-2
5.962626472E1,1.773834229E-3
5.966625985E1,-1.980304718E-2
5.970625495E1,-4.853725433E-2
5.974625005E1,1.601123810E-2
5.978624522E1,3.518199921E-2
5.982624032E1,-6.049060822E-2
5.986623545E1,-3.163719177E-2
5.990623048E1,-1.732635498E-2
5.994622555E1,1.573820114E-1
5.998622061E1,4.008197784E-2
6.002621568E1,9.028434753E-2
6.006621075E1,-7.909774780E-3
6.010620585E1,-5.546569824E-3
6.014620101E1,-9.148216248E-2
6.018619611E1,9.772777557E-2
6.022619121E1,1.624584198E-2
6.026618628E1,6.641292572E-2
6.030618131E1,-1.060018539E-1
6.034617651E1,-7.801055908E-3
6.038617184E1,9.751796722E-2
6.042616731E1,-2.448558807E-2
6.046616271E1,-9.927749634E-3
6.050615804E1,7.378292084E-2
6.054615331E1,-8.899879456E-2
6.058614858E1,-8.917808533E-2
6.062614384E1,3.271102905E-2
6.066613911E1,6.141567230E-2
6.070613434E1,-1.260280609E-2
6.074612961E1,-1.249361038E-1
6.078612494E1,8.567619324E-2
6.082612024E1,3.527641296E-2
6.086611554E1,-6.784725189E-2
6.090611081E1,5.670261383E-2
6.094610607E1,-7.895469666E-3
6.098610134E1,-1.016807556E-2
6.102609660E1,-7.482814789E-2
6.106609187E1,9.031200409E-2
6.110608717E1,8.553981781E-2
6.114608250E1,8.801078796E-2
6.118607777E1,-3.029823303E-3
6.122607303E1,-2.467727661E-2
6.126606833E1,-4.857158661E-2
6.130606360E1,9.999179840E-2
6.134605887E1,6.171417236E-2
6.138605413E1,1.388168335E-2
6.142604950E1,-5.321407318E-2
6.146604490E1,-2.221965790E-2
6.150604040E1,-2.459239960E-2
6.154603566E1,1.856231689E-2
6.158603076E1,3.296089172E-2
6.162602583E1,1.166238785E-1
6.166602090E1,2.065849304E-2
6.170601596E1,-1.206417084E-1
6.174601103E1,-8.455753326E-2
6.178600616E1,3.530597687E-2
6.182600123E1,3.049373627E-2
6.186599639E1,-5.344200134E-2
6.190599153E1,8.775138855E-2
6.194598663E1,-7.190704346E-4
6.198598173E1,9.130477905E-3
6.202597679E1,-1.484680176E-2
6.206597189E1,4.479694366E-2
6.210596696E1,4.949569702E-2
6.214596206E1,-6.530666351E-2
6.218595712E1,-1.247978210E-2
6.222595226E1,1.095771790E-1
6.226594736E1,4.959011078E-2
6.230594246E1,-6.059932709E-2
6.234593756E1,1.130294800E-2
6.238593266E1,4.014015198E-2
6.242592782E1,-7.722473145E-2
6.246592292E1,-1.396150589E-1
6.250591826E1,-4.387283325E-2
6.254591362E1,5.936717987E-2
6.258590906E1,-2.813339233E-3
6.262590446E1,-6.053924561E-2
6.266589976E1,-3.197383881E-2
6.270589502E1,-7.259368896E-2
6.274589032E1,-5.377769470E-3
6.278588572E1,1.311378479E-1
6.282588102E1,7.594680786E-2
6.286587639E1,-1.612777710E-1
6.290587172E1,-1.469335556E-1
6.294586705E1,1.285934448E-1
6.298586239E1,1.957864761E-1
6.302585772E1,6.535530090E-3
6.306585302E1,-3.903484344E-2
6.310584832E1,-1.203966141E-1
6.314584368E1,-7.962417603E-2
6.318583899E1,-3.901958466E-2
6.322583435E1,5.904960632E-2
6.326582965E1,8.062648773E-2
6.330582498E1,-6.532478333E-2
6.334582035E1,-3.176403046E-2
6.338581568E1,6.582260132E-3
6.342581102E1,3.293704987E-2
6.346580632E1,-1.259613037E-2
6.350580168E1,-7.066726685E-4
6.354579698E1,6.613731384E-3
6.358579248E1,4.012870789E-2
6.362578805E1,-1.059484482E-1
6.366578365E1,4.196166992E-3
6.370577908E1,1.119518280E-1
6.374577441E1,1.366329193E-2
6.378576975E1,-1.301269531E-1
6.382576501E1,-7.257556915E-2
6.386576035E1,6.405830383E-2
6.390575565E1,-7.761955261E-3
6.394575091E1,4.489803314E-2
6.398574618E1,1.134490967E-2
6.402574144E1,-6.777763367E-2
6.406573674E1,-1.348638535E-1
6.410573201E1,-5.587863922E-2
6.414572734E1,-2.703189850E-2
6.418572261E1,1.798629761E-3
6.422571794E1,1.603221893E-2
6.426571321E1,-5.823135376E-2
6.430570847E1,-1.995563507E-2
6.434570374E1,-1.268482208E-2
6.438569901E1,-1.270866394E-2
6.442569431E1,4.712200165E-2
6.446568961E1,3.757381439E-2
6.450568494E1,-1.982116699E-2
6.454568021E1,-5.334377289E-2
6.458567547E1,-7.483196259E-2
6.462567074E1,-8.212184906E-2
6.466566607E1,-3.898143768E-2
6.470566147E1,-4.853820801E-2
6.474565687E1,-8.679676056E-2
6.478565214E1,-2.230834961E-2
6.482564727E1,4.013061523E-3
6.486564240E1,7.585048676E-2
6.490563747E1,-5.558967590E-3
6.494563253E1,-7.746601105E-2
6.498562760E1,-3.124237061E-3
6.502562267E1,-4.371261597E-2
6.506561777E1,8.085060120E-2
6.510561287E1,1.071701050E-1
6.514560803E1,6.400108337E-2
6.518560313E1,-7.267189026E-2
6.522559830E1,-1.111297607E-1
6.526559336E1,-1.180047989E-1
6.530558840E1,1.933803558E-1
6.534558346E1,4.240798950E-2
6.538557853E1,8.806228638E-3
6.542557360E1,-2.005672455E-2
6.546556866E1,-2.017116547E-2
6.550556383E1,-1.588201523E-1
6.554555893E1,1.372718811E-2
6.558555403E1,1.847934723E-2
6.562554909E1,2.799987793E-2
6.566554416E1,-3.657341003E-2
6.570553926E1,-1.250486374E-1
6.574553456E1,-4.850864410E-2
6.578553002E1,1.585006714E-2
6.582552543E1,1.109504700E-2
6.586552082E1,-3.666210175E-2
6.590551609E1,8.077716827E-2
6.594551136E1,-4.139423370E-2
6.598550662E1,-1.030445099E-2
6.602550189E1,2.309989929E-2
6.606549716E1,1.348114014E-2
6.610549239E1,-4.877090454E-2
6.614548772E1,-2.946567535E-2
6.618548302E1,4.956531525E-2
6.622547839E1,4.714584351E-2
6.626547362E1,-1.252450943E-1
6.630546889E1,1.595401764E-2
6.634546415E1,-2.238941193E-2
6.638545942E1,-9.178447723E-2
6.642545468E1,-6.057357788E-2
6.646544995E1,1.665115356E-3
6.650544532E1,4.233169556E-2
6.654544058E1,3.282737732E-2
6.658543588E1,-1.030445099E-2
6.662543118E1,4.948520660E-2
6.666542648E1,1.838016510E-2
6.670542175E1,1.622028351E-1
6.674541701E1,1.814022064E-1
6.678541235E1,2.674894333E-1
6.682540771E1,3.177108765E-1
6.686540318E1,2.745838165E-1
6.690539855E1,2.697591782E-1
6.694539371E1,2.672786713E-1
6.698538878E1,3.318824768E-1
6.702538384E1,3.247909546E-1
6.706537891E1,3.895254135E-1
6.710537398E1,4.183626175E-1
6.714536911E1,4.926052094E-1
6.718536417E1,4.924955368E-1
6.722535934E1,4.588575363E-1
6.726535444E1,4.397058487E-1
6.730534957E1,5.164823532E-1
6.734534464E1,5.787086487E-1
6.738533970E1,6.145172119E-1
6.742533477E1,6.145009995E-1
6.746532987E1,6.362295151E-1
6.750532500E1,7.128372192E-1
6.754532004E1,6.670799255E-1
6.758531517E1,6.934337616E-1
6.762531027E1,7.151021957E-1
6.766530537E1,7.798509598E-1
6.770530044E1,8.205585480E-1
6.774529554E1,8.036947250E-1
6.778529067E1,7.294092178E-1
6.782528574E1,7.534494400E-1
6.786528100E1,8.685684204E-1
6.790527633E1,9.282445908E-1
6.794527170E1,1.023896217E0
6.798526710E1,9.376802444E-1
6.802526240E1,9.952211380E-1
6.806525767E1,9.042701721E-1
6.810525293E1,9.114789963E-1
6.814524826E1,8.490648270E-1
6.818524353E1,7.484903336E-1
6.822523886E1,7.246799469E-1
6.826523413E1,7.869815826E-1
6.830522940E1,7.318334579E-1
6.834522470E1,7.677354813E-1
6.838522000E1,7.103233337E-1
6.842521526E1,7.462778091E-1
6.846521053E1,7.031774521E-1
6.850520583E1,7.055072784E-1
6.854520113E1,6.432342529E-1
6.858519646E1,5.235881805E-1
6.862519173E1,4.805383682E-1
6.866518699E1,2.770166397E-1
6.870518226E1,2.961492538E-1
6.874517759E1,2.817554474E-1
6.878517289E1,2.698106766E-1
6.882516816E1,3.153247833E-1
6.886516349E1,2.841920853E-1
6.890515879E1,2.458705902E-1
6.894515412E1,2.219085693E-1
6.898514952E1,1.955728531E-1
6.902514492E1,2.171106339E-1
6.906514019E1,1.883554459E-1
6.910513532E1,1.045656204E-1
6.914513049E1,8.541488647E-2
6.918512556E1,3.514480591E-2
6.922512069E1,-1.035308838E-2
6.926511575E1,-5.105686188E-2
6.930511082E1,-4.147624969E-2
6.934510589E1,-7.257175446E-2
6.938510095E1,-8.931350708E-2
6.942509605E1,-5.341339111E-2
6.946509115E1,-7.016372681E-2
6.950508632E1,-7.162094116E-4
6.954508138E1,-5.500793457E-3
6.958507652E1,-7.918357849E-3
6.962507158E1,-4.145431519E-2
6.966506665E1,-3.153800964E-3
6.970506175E1,2.796173096E-2
6.974505682E1,5.669403076E-2
6.978505192E1,2.557086945E-2
6.982504702E1,3.995800018E-2
6.986504218E1,-1.269626617E-2
6.990503728E1,-2.225971222E-2
6.994503235E1,-7.888793945E-3
6.998502745E1,2.800846100E-2
7.002502275E1,3.996944427E-2
7.006501811E1,1.364040375E-2
7.010501355E1,-1.030158997E-2
7.014500898E1,-3.903770447E-2
7.018500428E1,-2.945804596E-2
7.022499965E1,-2.705860138E-2
7.026499494E1,1.676559448E-3
7.030499024E1,-7.219314575E-4
7.034498551E1,-5.535125732E-3
7.038498081E1,-7.929801941E-3
7.042497611E1,-1.511478424E-2
7.046497144E1,-1.510620117E-2
7.050496681E1,2.319717407E-2
7.054496214E1,3.516864777E-2
7.058495754E1,8.843421936E-3
7.062495284E1,-2.706623077E-2
7.066494814E1,-5.579757690E-2
7.070494344E1,-7.295608521E-4
7.074493874E1,-1.029491425E-2
7.078493404E1,3.519630432E-2
7.082492934E1,-7.896423340E-3
7.086492474E1,4.076004028E-3
7.090492008E1,-2.225780487E-2
7.094491541E1,-1.269817352E-2
7.098491071E1,6.466865540E-3
7.102490601E1,5.915260315E-2
7.106490131E1,2.563667297E-2
7.110489681E1,1.366138458E-2
7.114489244E1,-4.381084442E-2
7.118488804E1,-1.987552643E-2
7.122488351E1,-1.987648010E-2
7.126487884E1,2.321624756E-2
7.130487411E1,1.124572754E-2
7.134486937E1,1.124668121E-2
7.138486464E1,-7.904052734E-3
7.142485990E1,-2.466964722E-2
7.146485517E1,1.363086700E-2
7.150485050E1,1.652717590E-3
7.154484580E1,4.235267639E-2
7.158484117E1,4.062652588E-3
7.162483647E1,1.680374146E-3
7.166483170E1,-2.227592468E-2
7.170482700E1,-1.508712769E-2
7.174482227E1,-2.467727661E-2
7.178481754E1,4.476833344E-2
7.182481280E1,2.322387695E-2
7.186480813E1,8.863449097E-3
7.190480340E1,4.079818726E-3
7.194479867E1,-1.270008087E-2
7.198479397E1,2.081203461E-2
7.202478927E1,4.052162170E-3
7.206478453E1,3.755664825E-2
7.210477980E1,6.425857544E-3
7.214477513E1,-1.033020020E-2
7.218477046E1,-1.988983154E-2
7.222476593E1,-2.227210999E-2
7.226476133E1,-3.105163574E-3
7.230475653E1,2.801895142E-2
7.234475166E1,2.322006226E-2
7.238474673E1,-1.509857178E-2
7.242474180E1,-3.126144409E-3
7.246473686E1,-7.911682129E-3
7.250473199E1,-5.518913269E-3
7.254472706E1,2.800846100E-2
7.258472223E1,5.195426941E-2
7.262471733E1,-7.238388062E-4
7.266471243E1,1.363563538E-2
7.270470753E1,-2.706718445E-2
7.274470263E1,-1.509857178E-2
7.278469769E1,-2.704143524E-2
7.282469276E1,3.521442413E-2
7.286468792E1,2.083015442E-2
7.290468299E1,-5.507469177E-3
7.294467812E1,-2.466773987E-2
7.298467319E1,-1.509475708E-2
7.302466829E1,3.996562958E-2
7.306466339E1,2.320671082E-2
7.310465846E1,2.561092377E-2
7.314465362E1,-7.906913757E-3
7.318464869E1,-1.507759094E-2
7.322464385E1,-5.338478088E-2
7.326463915E1,-2.705764771E-2
7.330463455E1,-7.333755493E-4
7.334462995E1,3.038311005E-2
7.338462529E1,1.365661621E-2
7.342462055E1,-2.224922180E-2
7.346461582E1,-1.984214783E-2
7.350461115E1,-3.070831299E-3
7.354460642E1,2.805519104E-2
7.358460175E1,3.283023834E-2
7.362459702E1,5.198287964E-2
7.366459228E1,1.700401306E-3
7.370458755E1,-2.223014832E-2
7.374458285E1,-1.983928680E-2
7.378457811E1,-1.026248932E-2
7.382457338E1,6.491661072E-3
7.386456871E1,8.878707886E-3
7.390456395E1,-6.990432739E-4
7.394455928E1,6.476402283E-3
7.398455455E1,-1.267528534E-2
7.402454981E1,-1.507663727E-2
7.406454508E1,8.865356445E-3
7.410454038E1,3.759193420E-2
7.414453568E1,1.363945007E-2
7.418453098E1,-1.030254364E-2
7.422452631E1,-2.706623077E-2
7.426452158E1,-3.123283386E-3
7.430451691E1,-2.945899963E-2
7.434451231E1,1.363849640E-2
7.438450771E1,1.363658905E-2
7.442450304E1,1.656532288E-3
7.446449821E1,1.842212677E-2
7.450449334E1,-3.102302551E-3
7.454448841E1,2.084350586E-2
7.458448354E1,4.239654541E-2
7.462447861E1,4.479026794E-2
7.466447367E1,1.366806030E-2
7.470446874E1,4.095077515E-3
7.474446384E1,-1.985073090E-2
7.478445894E1,-5.497932434E-3
7.482445404E1,-3.108024597E-3
7.486444920E1,8.855819702E-3
7.490444430E1,6.455421448E-3
7.494443944E1,2.082633972E-2
7.498443450E1,-2.225780487E-2
7.502442957E1,-7.038116455E-4
7.506442464E1,3.280925751E-2
7.510441974E1,2.562618256E-2
7.514441484E1,2.085494995E-2
7.518440994E1,8.875846863E-3
7.522440510E1,-3.182601929E-2
7.526440020E1,-1.507663727E-2
7.530439527E1,-1.987266541E-2
7.534439033E1,-2.224349976E-2
7.538438560E1,-3.085136414E-3
7.542438093E1,6.494522095E-3
7.546437636E1,2.803993225E-2
7.550437183E1,-2.702808380E-2
7.554436713E1,8.889198303E-3
7.558436250E1,6.480216980E-3
7.562435783E1,2.802753448E-2
7.566435313E1,3.042125702E-2
7.570434843E1,6.464004517E-3
7.574434370E1,-1.029109955E-2
7.578433900E1,-2.466011047E-2
7.582433433E1,-2.225971222E-2
7.586432973E1,1.606178284E-2
7.590432503E1,1.606941223E-2
7.594432040E1,-1.264667511E-2
7.598431570E1,-2.221107483E-2
7.602431100E1,-7.850646973E-3
7.606430630E1,2.565956116E-2
7.610430160E1,1.608371735E-2
7.614429690E1,2.806091309E-2
7.618429220E1,1.129627228E-2
7.622428760E1,-6.608963013E-4
7.626428293E1,-6.523132324E-4
7.630427826E1,-2.220249176E-2
7.634427356E1,-3.064155579E-3
7.638426886E1,-7.851600647E-3
7.642426416E1,-7.852554321E-3
7.646425959E1,4.115104675E-3
7.650425519E1,4.111289978E-3
7.654425083E1,-7.860183716E-3
7.658424633E1,-5.464553833E-3
7.662424169E1,4.719734192E-2
7.666423696E1,4.479217529E-2
7.670423219E1,3.281021118E-2
7.674422746E1,-3.071784973E-3
7.678422272E1,-2.940368652E-2
7.682421799E1,-1.982975006E-2
7.686421332E1,-2.461528778E-2
7.690420859E1,4.482269287E-2
7.694420399E1,1.713752747E-3
7.698419929E1,-5.486488342E-3
7.702419456E1,-2.463817596E-2
7.706418982E1,-3.084182739E-3
7.710418512E1,1.606273651E-2
7.714418039E1,3.760719299E-2
7.718417565E1,7.112503052E-2
7.722417099E1,5.916118622E-2
7.726416625E1,9.748172760E-2
7.730416152E1,1.022758484E-1
7.734415682E1,1.286125183E-1
7.738415212E1,1.645288467E-1
7.742414738E1,2.100067139E-1
7.746414265E1,1.716804504E-1
7.750413798E1,1.765108109E-1
7.754413328E1,1.262359619E-1
7.758412875E1,6.635856628E-2
7.762412415E1,-6.361007690E-4
7.766411942E1,3.059768677E-2
7.770411458E1,2.808380127E-2
7.774410965E1,-1.983737946E-2
7.778410471E1,2.812385559E-2
7.782409978E1,2.096939087E-2
7.786409491E1,-1.735496521E-2
7.790409001E1,3.766918182E-2
7.794408514E1,-5.817413330E-4
7.798408024E1,1.858520508E-2
7.802407534E1,-5.693435669E-4
7.806407044E1,-8.439254761E-2
7.810406555E1,4.253387451E-2
7.814406058E1,6.888961792E-2
7.818405564E1,-3.172588348E-2
